{"train_loss": [0.8983444156767848, 0.8656776014829208, 0.856813520769861, 0.8414395713251019, 0.8328107227758587, 0.8289115802377309, 0.8253871966316724, 0.8228840973934524, 0.8201937231009627, 0.8178555911712716, 0.8160893286071157, 0.8138537227584762, 0.8113546008280768, 0.8198782042646682], "val_loss": [0.8310889102239274, 0.8234512003041813, 0.8142030982902001, 0.7991271837014241, 0.796059154181267, 0.7942314067227088, 0.7916190392160934, 0.7906720479353452, 0.7901499017694698, 0.790744467398564, 0.7901479190321327, 0.7908482772839833, 0.8043131874435038, 0.7962596477014987]}