{
  "silhouette": 0.1185840368270874,
  "ARI": 1.0,
  "NMI": 1.0,
  "Calinski-Harabasz": 452.9395446777344,
  "Davies-Bouldin": 2.8400236877235123
}