{"train_loss": [0.26092760971940815, 0.08417715574607663, 0.05494590445852799, 0.04208273678738652, 0.03619561083336021, 0.032241937355455184, 0.022638376451023925, 0.023141070614316275, 0.023845616262969355, 0.018844266618101537, 0.0218647140824843], "val_loss": [0.055589820455394894, 0.0369492855943298, 0.032641538910955156, 0.026796418868856642, 0.024516886569775794, 0.026005992259348246, 0.023687528222213705, 0.021862038620100093, 0.02139152653353174, 0.02264096137438028, 0.022249282963862225]}